first_name,last_name,above_18,membership_ID,email,date_of_birth,mobile_no
Patty,Smith,Yes,Smith_c7677,Patty_Smith@ross.com,19750827,59428759
Sean,Wang,Yes,Wang_04168,Sean_Wang@gibson-calderon.com,19600311,25595367
Richard,Estrada,Yes,Estrada_0bf5b,Richard_Estrada@malone.com,19921015,22821527
Jackson,Cline,Yes,Cline_825fb,Jackson_Cline@hudson.net,19710121,48056519
Allen,Williams,Yes,Williams_3e726,Allen_Williams@sanchez.net,19971109,77991519
Eric,Flores,Yes,Flores_f6828,Eric_Flores@dillon-patterson.com,19820107,36641663
Anna,Richardson,Yes,Richardson_ef158,Anna_Richardson@perry.com,19670223,64083047
Taylor,Gomez,Yes,Gomez_876bf,Taylor_Gomez@johnston.com,19821022,24007567
Jeremy,Rodriguez,Yes,Rodriguez_93ac7,Jeremy_Rodriguez@roth.com,19780828,32567967
April,Garcia,Yes,Garcia_26b55,April_Garcia@hall.com,19871231,24650447
Sharon,Garza,Yes,Garza_40199,Sharon_Garza@duran.com,20020830,59411567
Lori,Sanchez,Yes,Sanchez_364a7,Lori_Sanchez@hardin-warner.net,19980420,76989167
Jason,Armstrong,Yes,Armstrong_e2fb8,Jason_Armstrong@curtis.com,19921116,68514503
Jessica,Allison,Yes,Allison_0c21b,Jessica_Allison@harper.com,19721030,66821135
Arthur,Hall,Yes,Hall_5eccd,Arthur_Hall@gonzalez.com,19940311,65493407
Sherry,Meza,Yes,Meza_5bcfa,Sherry_Meza@west.com,19970409,33491119
Matthew,Turner,Yes,Turner_0303a,Matthew_Turner@martinez.com,19940707,73291455
Sophia,Randolph,Yes,Randolph_76c7a,Sophia_Randolph@leonard-ramirez.com,19500807,94510479
Samuel,Thompson,Yes,Thompson_8382b,Samuel_Thompson@sanchez-carroll.com,19840304,99063183
Zachary,Lee,Yes,Lee_76cce,Zachary_Lee@smith.com,19870704,36447751
Kara,Pittman,Yes,Pittman_44c4d,Kara_Pittman@gomez-vaughn.com,19680525,80502567
Gabriella,Anthony,Yes,Anthony_ebd30,Gabriella_Anthony@castro.com,19970106,89108943
Misty,Cantrell,Yes,Cantrell_b19eb,Misty_Cantrell@flores-decker.com,19570303,79619831
Kelly,Guerrero,Yes,Guerrero_d55cb,Kelly_Guerrero@riggs.com,19970203,53052583
David,Nichols,Yes,Nichols_9226a,David_Nichols@rocha.com,19620819,62269575
Shawn,Galloway,Yes,Galloway_1a4d2,Shawn_Galloway@johnston.com,19850419,17471367
Dennis,Sanford,Yes,Sanford_c7e24,Dennis_Sanford@lopez-archer.com,19800806,88084407
Amanda,Murphy,Yes,Murphy_0851c,Amanda_Murphy@bright-gibbs.net,20000730,30501351
Bobby,Martin,Yes,Martin_35f44,Bobby_Martin@jackson.com,20000331,43871143
Vernon,Bishop,Yes,Bishop_b0506,Vernon_Bishop@clark-larson.com,19730710,78396487
Phillip,Meyers,Yes,Meyers_2871d,Phillip_Meyers@mcneil-williams.com,19601022,95409119
Robert,Martin,Yes,Martin_6f48d,Robert_Martin@crawford.com,19500718,78547615
William,Taylor,Yes,Taylor_4fbc5,William_Taylor@warner-morgan.net,19860131,42996791
Michael,Brady,Yes,Brady_bd431,Michael_Brady@wells-sanders.com,19500323,65342263
James,Rhodes,Yes,Rhodes_df266,James_Rhodes@green.com,19771010,27465295
Ryan,Ramirez,Yes,Ramirez_5ff32,Ryan_Ramirez@pham.com,19850425,67907071
Stephen,Thompson,Yes,Thompson_52cd0,Stephen_Thompson@hess.com,19511112,75033031
Susan,Williams,Yes,Williams_3b0d4,Susan_Williams@rowland.com,19761205,95688383
Dylan,Johnson,Yes,Johnson_d53b7,Dylan_Johnson@montgomery.com,19960107,52048815
Pamela,King,Yes,King_01148,Pamela_King@soto.net,19930929,72515095
Robert,Smith,Yes,Smith_634dd,Robert_Smith@joyce.com,19870424,76366335
Samantha,Gonzalez,Yes,Gonzalez_31e9a,Samantha_Gonzalez@rios-fletcher.com,19980829,40456647
Jeffery,Walker,Yes,Walker_ba5b7,Jeffery_Walker@watson.com,19560624,46574799
Todd,Alvarez,Yes,Alvarez_7bc5d,Todd_Alvarez@vaughn.com,19741125,42011263
Brett,Willis,Yes,Willis_d0046,Brett_Willis@gibbs.com,19610908,86342007
Kristin,Wilkins,Yes,Wilkins_48a0a,Kristin_Wilkins@harvey.com,20020511,84393855
Joshua,Lynch,Yes,Lynch_49515,Joshua_Lynch@daniels.com,19650526,71572839
Deborah,Williams,Yes,Williams_e69d3,Deborah_Williams@howard.com,19841121,11357647
Sarah,Bright,Yes,Bright_776f9,Sarah_Bright@winters.com,19981115,24327743
Rebecca,Anderson,Yes,Anderson_48071,Rebecca_Anderson@carter-ramirez.com,19730827,27023231
Roger,Frost,Yes,Frost_5ba4a,Roger_Frost@cole-robinson.com,19700217,94120431
Eric,Dunn,Yes,Dunn_84e93,Eric_Dunn@reese.com,19601207,13714207
Heather,Pierce,Yes,Pierce_1096d,Heather_Pierce@williams-edwards.com,19570813,32413999
Jordan,Erickson,Yes,Erickson_6b984,Jordan_Erickson@martinez.com,19750802,64756655
Susan,Ali,Yes,Ali_f361f,Susan_Ali@leach.com,19990105,74229143
Richard,Wilson,Yes,Wilson_f0626,Richard_Wilson@hernandez.com,19990703,36349175
Jon,Butler,Yes,Butler_a60e8,Jon_Butler@blackwell.com,19870318,78121695
Paul,Phillips,Yes,Phillips_01acd,Paul_Phillips@vance.com,19970216,11213063
Adam,Parker,Yes,Parker_5ebc0,Adam_Parker@yoder.com,19980722,27783391
Cory,Walker,Yes,Walker_a21be,Cory_Walker@torres.net,19621208,37614935
Jeffrey,Sanchez,Yes,Sanchez_cf3c9,Jeffrey_Sanchez@jones-butler.com,19950914,73226919
Bianca,Martin,Yes,Martin_7bf56,Bianca_Martin@mitchell.com,19780205,86924127
Jeffrey,King,Yes,King_2f8a4,Jeffrey_King@hicks-boyd.com,19770623,68622991
Melanie,Wiggins,Yes,Wiggins_c46e0,Melanie_Wiggins@mcdonald-rice.com,20000214,91699615
Daniel,Smith,Yes,Smith_e0b77,Daniel_Smith@cummings.com,19860308,26613823
Scott,Lawrence,Yes,Lawrence_fbccd,Scott_Lawrence@aguilar.com,19760104,59217375
James,Sosa,Yes,Sosa_84005,James_Sosa@robles-hawkins.com,19570811,47053447
Jamie,Jackson,Yes,Jackson_b5943,Jamie_Jackson@carr.com,19770526,71512687
Jeffrey,Hatfield,Yes,Hatfield_bf691,Jeffrey_Hatfield@morgan-erickson.com,19701014,69441735
James,Phillips,Yes,Phillips_c68d2,James_Phillips@green-taylor.com,19611019,89808183
Jessica,Moore,Yes,Moore_555b6,Jessica_Moore@harrison-bautista.com,19990905,27155335
Richard,Anderson,Yes,Anderson_6c12a,Richard_Anderson@peck-franklin.com,19700405,24730327
Lauren,Hahn,Yes,Hahn_38908,Lauren_Hahn@simmons.com,19720620,15132727
Faith,Edwards,Yes,Edwards_96edd,Faith_Edwards@price.net,19770726,44653063
Laura,Vargas,Yes,Vargas_b176f,Laura_Vargas@gallagher-young.com,19770910,40816943
Sarah,Lewis,Yes,Lewis_f236b,Sarah_Lewis@wyatt.com,19810225,37945839
Brad,Huff,Yes,Huff_88806,Brad_Huff@moore.com,19611227,28207575
Alexander,Richardson,Yes,Richardson_e102e,Alexander_Richardson@perez.com,19581025,34675335
Joseph,Howard,Yes,Howard_99bdb,Joseph_Howard@williams.com,19520726,46746383
Anne,Richards,Yes,Richards_e1b0f,Anne_Richards@mccarthy.com,19690609,84963423
Derek,Thomas,Yes,Thomas_a6b2a,Derek_Thomas@green.com,19640724,37329863
Joseph,Bonilla,Yes,Bonilla_07c60,Joseph_Bonilla@freeman.com,19740508,66912183
Gary,Barber,Yes,Barber_8e448,Gary_Barber@roberts.net,19551112,44790343
Brian,Johnson,Yes,Johnson_01409,Brian_Johnson@carr.com,19810617,76631695
Christine,Peterson,Yes,Peterson_d3043,Christine_Peterson@hamilton.com,19741119,57627175
Christopher,Bautista,Yes,Bautista_06ca7,Christopher_Bautista@rodgers.com,19940212,48834663
Barbara,Krueger,Yes,Krueger_f41b0,Barbara_Krueger@strong.com,19520322,30905343
Monica,Oconnor,Yes,Oconnor_5d9be,Monica_Oconnor@gordon.com,19800107,97887295
Peggy,Johnson,Yes,Johnson_317e0,Peggy_Johnson@berg.com,19720328,34795631
Susan,Herrera,Yes,Herrera_2275e,Susan_Herrera@gomez.com,19550826,24027735
Andrew,Matthews,Yes,Matthews_33105,Andrew_Matthews@ramos-vaughn.com,19880219,90821359
Erin,Kennedy,Yes,Kennedy_e1e07,Erin_Kennedy@hendricks-mason.com,19650109,35865639
Jason,Lopez,Yes,Lopez_ad64b,Jason_Lopez@wood-hill.com,19740830,11287127
Jerry,Clark,Yes,Clark_850e2,Jerry_Clark@perez.com,19950928,46859655
Alyssa,Kim,Yes,Kim_61638,Alyssa_Kim@beck-zuniga.com,19901108,59732335
Courtney,Williams,Yes,Williams_225d6,Courtney_Williams@garner.com,19990919,27598999
Matthew,Nelson,Yes,Nelson_49b51,Matthew_Nelson@hunt.com,19580127,45515247
Robert,Moore,Yes,Moore_bd6b1,Robert_Moore@young.com,19550415,19512199
Nicole,Mcgee,Yes,Mcgee_84007,Nicole_Mcgee@reyes.com,19590303,34539135
Danielle,Hunter,Yes,Hunter_c76d0,Danielle_Hunter@ballard.com,19710811,99947039
Kelly,Perez,Yes,Perez_016c7,Kelly_Perez@ward-wilson.com,19600519,60614735
Mary,Odom,Yes,Odom_e8796,Mary_Odom@morgan-reynolds.com,19630813,98738367
Arthur,GibsonII,Yes,GibsonII_7ade8,Arthur_Gibson@thompson-thompson.com,19610306,75411807
Christopher,Miller,Yes,Miller_5a80b,Christopher_Miller@kelly.com,19850131,16222031
Amber,Hopkins,Yes,Hopkins_7c2f6,Amber_Hopkins@hall.com,19750831,15289039
Nancy,Garcia,Yes,Garcia_76b84,Nancy_Garcia@lewis-hayden.com,19680305,62971303
Alex,Rhodes,Yes,Rhodes_a5121,Alex_Rhodes@russell.net,19780913,75808519
Daniel,Bennett,Yes,Bennett_1ed65,Daniel_Bennett@stephens-oneill.com,19730228,20776023
Kevin,Woodard,Yes,Woodard_0dee6,Kevin_Woodard@lynch.com,19550809,30319911
Alan,Peterson,Yes,Peterson_9e709,Alan_Peterson@burch.com,19760129,88993663
Jacob,Grant,Yes,Grant_46694,Jacob_Grant@cummings.com,19911204,94196575
Gabrielle,Johnson,Yes,Johnson_aa25e,Gabrielle_Johnson@serrano.com,19580610,35424207
Caleb,Morales,Yes,Morales_0598c,Caleb_Morales@collins.com,19660329,69459679
James,Dominguez,Yes,Dominguez_e2663,James_Dominguez@black.com,19881205,49527207
Kathryn,Cardenas,Yes,Cardenas_35ae4,Kathryn_Cardenas@skinner.com,19830508,81016239
Jeffrey,Santiago,Yes,Santiago_5cbec,Jeffrey_Santiago@duncan.com,19750228,93827623
Andrew,Mclaughlin,Yes,Mclaughlin_b2423,Andrew_Mclaughlin@fitzpatrick-lucas.com,19730514,66417719
Bryan,Porter,Yes,Porter_e9e42,Bryan_Porter@elliott.com,19570214,88089671
Brendan,Smith,Yes,Smith_750a9,Brendan_Smith@williams.com,19580516,67839775
Jeffrey,Hernandez,Yes,Hernandez_f3251,Jeffrey_Hernandez@mcdaniel.com,19891231,76263607
Michael,Miller,Yes,Miller_375ad,Michael_Miller@taylor-moore.com,19640520,17581687
Theresa,Newman,Yes,Newman_069d1,Theresa_Newman@perry-scott.com,19941129,36575799
Paul,Romero,Yes,Romero_7ffde,Paul_Romero@middleton-jones.com,19601007,98843943
Janet,Choi,Yes,Choi_e37de,Janet_Choi@neal.com,19860718,66675695
Mark,Bender,Yes,Bender_b8ade,Mark_Bender@oneal-wilkins.com,19690911,27354911
Abigail,Brown,Yes,Brown_7bef7,Abigail_Brown@jones-underwood.com,19800810,15726143
Antonio,Dominguez,Yes,Dominguez_821d7,Antonio_Dominguez@nichols.com,19801115,75861007
Tony,Morris,Yes,Morris_1057d,Tony_Morris@davis.com,19700805,33280551
Randy,Carlson,Yes,Carlson_d8db2,Randy_Carlson@rivera.com,19550530,51211679
Mitchell,Pierce,Yes,Pierce_7e42c,Mitchell_Pierce@houston-conway.net,20010824,96845551
Angela,West,Yes,West_0afba,Angela_West@anderson-fitzgerald.com,19810427,59397207
Kevin,Peters,Yes,Peters_4b936,Kevin_Peters@edwards.com,19670602,28855487
Benjamin,Conway,Yes,Conway_b14b9,Benjamin_Conway@burton-paul.com,19551228,23338319
Andrew,Stewart,Yes,Stewart_c3765,Andrew_Stewart@wong.com,19511202,19799879
Brenda,Jones,Yes,Jones_e27fe,Brenda_Jones@lang.com,19550804,62608823
Elizabeth,Bailey,Yes,Bailey_5c8a5,Elizabeth_Bailey@stephenson-arnold.com,19630101,20218071
Kelly,Levy,Yes,Levy_1b739,Kelly_Levy@barajas.com,19940805,74468255
Thomas,Burton,Yes,Burton_e624b,Thomas_Burton@dunn-avery.net,19750419,14613071
Paul,Peterson,Yes,Peterson_c41f4,Paul_Peterson@bullock.com,20021225,59148863
Michael,Reilly,Yes,Reilly_1c829,Michael_Reilly@cooper.net,19720514,33876967
Alejandra,Martinez,Yes,Martinez_d6f6b,Alejandra_Martinez@jones.com,19791221,87381327
Timothy,Sanders,Yes,Sanders_e813f,Timothy_Sanders@harrell.com,19521003,63453583
Latoya,Little,Yes,Little_9b0c8,Latoya_Little@martinez.com,19780708,43404335
Sarah,Harvey,Yes,Harvey_119d2,Sarah_Harvey@martin-smith.com,19600331,58520471
Melissa,Ortiz,Yes,Ortiz_84be0,Melissa_Ortiz@lee-malone.com,19580729,49637727
Brooke,Hernandez,Yes,Hernandez_bcb5b,Brooke_Hernandez@benitez.com,19911114,97309975
Lisa,Livingston,Yes,Livingston_19295,Lisa_Livingston@glover.com,19500423,20519415
Eugene,Mason,Yes,Mason_6bc9b,Eugene_Mason@gardner.com,19781213,47810855
Daniel,Cunningham,Yes,Cunningham_12799,Daniel_Cunningham@cooper.com,19730326,78657983
Alex,Smith,Yes,Smith_894dd,Alex_Smith@johnson.com,20020503,58965703
Jessica,Vargas,Yes,Vargas_ed53f,Jessica_Vargas@miller-price.net,19810517,48925903
Olivia,Clark,Yes,Clark_92a9e,Olivia_Clark@wade-roberson.com,19741001,67793735
Cathy,Carney,Yes,Carney_0d73a,Cathy_Carney@williams.net,19970522,31104151
Haley,Baldwin,Yes,Baldwin_b3439,Haley_Baldwin@bush-wolfe.com,19650413,31940631
Alexander,Wilson,Yes,Wilson_51998,Alexander_Wilson@barron-garcia.com,19881111,13893319
April,Cole,Yes,Cole_2b0a2,April_Cole@vargas.com,19610622,65186503
Holly,Riley,Yes,Riley_3e1f8,Holly_Riley@stokes.com,19740728,55620431
Jeffrey,Poole,Yes,Poole_23f28,Jeffrey_Poole@cross.com,19570204,82077439
Rachel,Poole,Yes,Poole_46b07,Rachel_Poole@jones.net,19760807,35095087
Sheena,Ward,Yes,Ward_57d0c,Sheena_Ward@wilson-mcbride.com,19730926,96834175
Cynthia,Smith,Yes,Smith_8477e,Cynthia_Smith@smith.com,19510509,48760255
Kevin,Clayton,Yes,Clayton_6ad7d,Kevin_Clayton@miller.com,19750807,25081071
Sarah,Coleman,Yes,Coleman_db259,Sarah_Coleman@novak.com,19500119,37411775
Cody,Becker,Yes,Becker_dd317,Cody_Becker@hansen.com,19601216,76003567
Molly,Miller,Yes,Miller_d8bf5,Molly_Miller@king-kelly.net,19770511,99947663
Craig,Bailey,Yes,Bailey_fac5d,Craig_Bailey@hancock-brown.com,19970713,33032303
Patricia,Gray,Yes,Gray_00c0a,Patricia_Gray@dawson.com,19660319,18281751
Robert,Rivera,Yes,Rivera_6a7ce,Robert_Rivera@gibson.com,19500722,35020847
Michelle,Lewis,Yes,Lewis_afe1c,Michelle_Lewis@wiggins-thornton.com,19830121,64700455
John,Owens,Yes,Owens_4cd37,John_Owens@callahan.com,19670424,71230983
Sarah,Smith,Yes,Smith_313dd,Sarah_Smith@kirk.com,19680804,22702359
Nancy,Lucas,Yes,Lucas_b2c40,Nancy_Lucas@aguilar.com,19830607,91477863
Christina,Murray,Yes,Murray_a46c7,Christina_Murray@collins-day.com,19791217,35027583
Emma,Berry,Yes,Berry_c02ad,Emma_Berry@charles.com,19940107,34612959
Jason,Hawkins,Yes,Hawkins_8aa4f,Jason_Hawkins@adams-hunter.com,19541001,31750255
Jeffrey,Rodriguez,Yes,Rodriguez_84bf3,Jeffrey_Rodriguez@johnson-white.com,19690718,29947599
Christina,Miller,Yes,Miller_84bb3,Christina_Miller@marshall-lucas.com,19530425,92153503
Maria,Miller,Yes,Miller_208dd,Maria_Miller@roberts.com,19941221,86317751
Eileen,Davis,Yes,Davis_3a81f,Eileen_Davis@knox.com,19520404,19544735
Harry,Miller,Yes,Miller_4e2a7,Harry_Miller@warner-jackson.com,19890613,63478047
Ellen,Montes,Yes,Montes_29eaa,Ellen_Montes@sellers.com,19610714,16519759
Gregory,Mclean,Yes,Mclean_3b78d,Gregory_Mclean@valencia.com,19610801,38860951
Angela,Spencer,Yes,Spencer_071ed,Angela_Spencer@lopez.com,19980502,18410783
Christina,Price,Yes,Price_35238,Christina_Price@kennedy-tran.com,19860805,65381695
Amber,Randall,Yes,Randall_fe7f8,Amber_Randall@boyd-freeman.net,19520910,60506343
Matthew,Morris,Yes,Morris_f9657,Matthew_Morris@boyle-novak.com,19981111,49822607
Cindy,Blackburn,Yes,Blackburn_0c5fb,Cindy_Blackburn@bolton.net,20001008,86098071
Matthew,Jacobson,Yes,Jacobson_496c2,Matthew_Jacobson@bishop-thomas.com,19510412,99110191
Stacy,Jones,Yes,Jones_c6f5d,Stacy_Jones@perez.com,19940909,71998399
Scott,Zimmerman,Yes,Zimmerman_881d6,Scott_Zimmerman@fischer.com,19560130,70071511
Dakota,Silva,Yes,Silva_80f7f,Dakota_Silva@barker-miller.com,19791007,41853599
Jacob,Spencer,Yes,Spencer_d5b01,Jacob_Spencer@jefferson.net,19620226,41992359
Matthew,Oliver,Yes,Oliver_94edc,Matthew_Oliver@mitchell.com,19720423,14016935
Roger,Maddox,Yes,Maddox_6974f,Roger_Maddox@richards.com,19810426,86988519
Bryan,Gutierrez,Yes,Gutierrez_c61e8,Bryan_Gutierrez@short-huerta.net,19881118,84795039
Peter,Schultz,Yes,Schultz_5fff4,Peter_Schultz@shah.com,19570829,78301895
Justin,Burke,Yes,Burke_ea689,Justin_Burke@johnson.com,19961202,43401655
Sarah,Ramsey,Yes,Ramsey_4c3e8,Sarah_Ramsey@hayes.com,19640622,63376279
Michael,Chang,Yes,Chang_e27c8,Michael_Chang@watkins.com,19900209,99632783
Pamela,Hughes,Yes,Hughes_bf91b,Pamela_Hughes@rivas-garza.com,19570116,32117783
Jimmy,Morris,Yes,Morris_25892,Jimmy_Morris@hall-watkins.com,19640120,31836895
Lauren,Romero,Yes,Romero_e5750,Lauren_Romero@davis.com,20020425,50100783
Adam,Jones,Yes,Jones_2b07e,Adam_Jones@kline-reeves.com,19570107,83246639
Matthew,Murphy,Yes,Murphy_5dc4e,Matthew_Murphy@graham.com,19600216,18189831
Jessica,Arroyo,Yes,Arroyo_a6982,Jessica_Arroyo@flores-evans.com,20021019,24971015
Caleb,Zuniga,Yes,Zuniga_a2d94,Caleb_Zuniga@stone.net,19681028,36180711
Cheyenne,Moreno,Yes,Moreno_8048c,Cheyenne_Moreno@hampton.com,19600912,61341887
Courtney,Lopez,Yes,Lopez_93fe3,Courtney_Lopez@sanders.com,19710810,35323391
Kenneth,Williamson,Yes,Williamson_b834c,Kenneth_Williamson@perez.com,19541003,36169599
Bruce,Browning,Yes,Browning_1f631,Bruce_Browning@robertson-baldwin.com,19631113,22984503
Shannon,Gilbert,Yes,Gilbert_cba39,Shannon_Gilbert@brown-schaefer.com,19920613,34472903
Amanda,Brown,Yes,Brown_cde99,Amanda_Brown@williams.com,19541218,52400391
Riley,Gomez,Yes,Gomez_010a6,Riley_Gomez@hoffman.com,19810211,20838807
Shelby,Price,Yes,Price_e8f96,Shelby_Price@fuller.net,19860807,74350543
Scott,Harris,Yes,Harris_fc222,Scott_Harris@mullins.com,19901214,36307567
Bonnie,Franklin,Yes,Franklin_f8d94,Bonnie_Franklin@gillespie.com,19880714,22008807
Ashley,Morris,Yes,Morris_73a97,Ashley_Morris@marshall.net,20021001,13085855
Jack,Jensen,Yes,Jensen_676e2,Jack_Jensen@kent-williamson.net,19601229,93571087
Daniel,Armstrong,Yes,Armstrong_f79a4,Daniel_Armstrong@brown.com,19820714,18991247
Susan,Donovan,Yes,Donovan_6c619,Susan_Donovan@jordan-anderson.com,19690130,85222335
Michael,Powell,Yes,Powell_4f74d,Michael_Powell@mccall.com,19941127,63894311
Alexander,Lowe,Yes,Lowe_73be1,Alexander_Lowe@morris.com,19610508,93074023
Aaron,Wilson,Yes,Wilson_6845c,Aaron_Wilson@burke-benton.net,19870517,75053391
Samuel,Lee,Yes,Lee_d3d5c,Samuel_Lee@gardner-rodriguez.net,19740902,57636831
Jennifer,Weaver,Yes,Weaver_feb81,Jennifer_Weaver@patterson.com,19781015,74152151
Leonard,Hamilton,Yes,Hamilton_f2276,Leonard_Hamilton@brown.com,19880229,76082775
Kathy,Phillips,Yes,Phillips_608c9,Kathy_Phillips@floyd.com,19841216,57829247
Jennifer,Jimenez,Yes,Jimenez_5ed59,Jennifer_Jimenez@morgan.com,19921121,59592559
Victoria,Lawson,Yes,Lawson_c755d,Victoria_Lawson@snyder.com,19541204,24045823
Michael,Martinez,Yes,Martinez_bc0fc,Michael_Martinez@hogan.net,19521107,40271975
Paul,Jones,Yes,Jones_f903f,Paul_Jones@clark-irwin.com,19940215,91301999
Danielle,Tran,Yes,Tran_40aaa,Danielle_Tran@mann.com,19880826,85246679
Marissa,Jones,Yes,Jones_cdd9f,Marissa_Jones@lewis.net,19580806,32094119
Elijah,Roy,Yes,Roy_57ef7,Elijah_Roy@jones-baldwin.com,19870705,57159015
Courtney,Simpson,Yes,Simpson_7383f,Courtney_Simpson@preston-cantrell.com,19731103,77314887
Kimberly,Hopkins,Yes,Hopkins_56d12,Kimberly_Hopkins@adams.com,19931022,67364511
William,King,Yes,King_4ae33,William_King@cline-allen.com,19841115,21561215
Stephanie,Robertson,Yes,Robertson_c09d4,Stephanie_Robertson@owen-rodriguez.com,20020805,75259367
Rickey,Hill,Yes,Hill_bd6cc,Rickey_Hill@parker-cohen.com,19640430,56465207
Erika,Stewart,Yes,Stewart_40f40,Erika_Stewart@solis.com,19851226,83552695
Christina,Johnson,Yes,Johnson_5dcd5,Christina_Johnson@clark.com,20010622,30262983
Kelli,Wells,Yes,Wells_5c2c0,Kelli_Wells@jones.com,19540308,27406215
Nathan,Archer,Yes,Archer_c6232,Nathan_Archer@gray.com,19560723,72954367
Michael,Kline,Yes,Kline_6fe75,Michael_Kline@phelps-alvarez.com,19650623,20968343
Joshua,Rodriguez,Yes,Rodriguez_1eec6,Joshua_Rodriguez@thornton-benitez.com,19530317,27953967
James,Rodriguez,Yes,Rodriguez_a7ea3,James_Rodriguez@logan.com,19810717,50981423
Robert,Ortega,Yes,Ortega_7f647,Robert_Ortega@perez.com,19600316,57040695
Teresa,Ruiz,Yes,Ruiz_e89df,Teresa_Ruiz@holmes.com,19510904,22432447
Madison,Mejia,Yes,Mejia_10b0a,Madison_Mejia@sims.com,19530323,73824679
James,Bailey,Yes,Bailey_b3b3b,James_Bailey@flynn.net,19861007,26146743
Mary,Perry,Yes,Perry_e8625,Mary_Perry@williams.net,19730808,57879711
Crystal,Jones,Yes,Jones_85733,Crystal_Jones@webb.com,19620914,39588047
Aaron,Brown,Yes,Brown_9035e,Aaron_Brown@yates.com,19860502,43815191
Tanya,Barajas,Yes,Barajas_c09f8,Tanya_Barajas@davis.com,19740430,92793871
Samantha,Rasmussen,Yes,Rasmussen_0fcc4,Samantha_Rasmussen@stokes-leon.com,19940621,26634223
Vincent,Martin,Yes,Martin_92713,Vincent_Martin@wright-lee.com,19840124,55457087
Tony,Crawford,Yes,Crawford_a2a35,Tony_Crawford@moore.com,19870818,15997263
Randy,Sullivan,Yes,Sullivan_7d828,Randy_Sullivan@perez.net,19611025,15665967
Kimberly,Thompson,Yes,Thompson_77cc8,Kimberly_Thompson@brewer-walters.net,20001211,88531623
Martin,Compton,Yes,Compton_395a9,Martin_Compton@morgan.com,19840602,42037887
Tracy,Brown,Yes,Brown_8baf8,Tracy_Brown@joyce.com,19720823,26044711
Leslie,Preston,Yes,Preston_d0922,Leslie_Preston@johns.com,19720510,71892959
Jay,Parker,Yes,Parker_311d6,Jay_Parker@fowler.net,19930930,57583783
Lance,Williams,Yes,Williams_44d67,Lance_Williams@williams.net,19730807,19310567
Kathleen,Allen,Yes,Allen_b02ca,Kathleen_Allen@cook.com,19860113,38829559
Marie,Lamb,Yes,Lamb_5dc6d,Marie_Lamb@hampton.com,19790410,26841263
Nathan,Flores,Yes,Flores_a43fb,Nathan_Flores@gibbs.net,19790409,86883135
Ashley,Caldwell,Yes,Caldwell_aa013,Ashley_Caldwell@mason-bryant.com,19880903,13420663
Renee,Martin,Yes,Martin_caab2,Renee_Martin@crawford-walker.com,19810421,55803823
Keith,Parker,Yes,Parker_0793e,Keith_Parker@moore.com,19640826,40120471
Melissa,Levy,Yes,Levy_bef91,Melissa_Levy@arroyo.com,19500330,51842935
Brandon,Powell,Yes,Powell_fe4b6,Brandon_Powell@craig-gonzales.net,19760606,43375815
Kimberly,Stone,Yes,Stone_1d9aa,Kimberly_Stone@murphy-bryant.com,19940512,25323999
Adam,Jones,Yes,Jones_575ba,Adam_Jones@ashley.com,19730316,55082935
Elizabeth,Andersen,Yes,Andersen_61066,Elizabeth_Andersen@baker.com,19740123,69096535
Destiny,Lutz,Yes,Lutz_3427f,Destiny_Lutz@thompson-wright.com,19940412,87853607
Brandy,Allen,Yes,Allen_54dd1,Brandy_Allen@hardy-griffin.com,19810113,92130799
Stephanie,Decker,Yes,Decker_0c2ca,Stephanie_Decker@barrett.net,19770905,92626639
Michelle,Keller,Yes,Keller_80065,Michelle_Keller@johnson.com,19510607,56139711
Stacey,Yates,Yes,Yates_0613f,Stacey_Yates@lewis.com,19921208,30115967
Sue,Lee,Yes,Lee_f9df7,Sue_Lee@rojas.com,19860829,97367575
Anna,Long,Yes,Long_850ab,Anna_Long@coleman.com,19740316,52566967
Annette,Watson,Yes,Watson_6dc0c,Annette_Watson@brown-brennan.com,19580423,67851175
James,Thomas,Yes,Thomas_6cc50,James_Thomas@torres.net,19520509,58718239
Kelli,Olson,Yes,Olson_50aa7,Kelli_Olson@campbell.net,19960723,50265023
Becky,Reid,Yes,Reid_1bdd4,Becky_Reid@vargas.net,19751027,37025287
Wesley,Shaw,Yes,Shaw_afe1c,Wesley_Shaw@henderson-gibson.com,19830121,76819471
Pamela,Boyd,Yes,Boyd_94bd7,Pamela_Boyd@freeman.com,19680628,25030751
Jeremy,Lewis,Yes,Lewis_644d9,Jeremy_Lewis@murray.com,19530107,44159519
Jennifer,Garza,Yes,Garza_be6d1,Jennifer_Garza@herrera-klein.com,19890603,31999455
Joseph,Perry,Yes,Perry_b530f,Joseph_Perry@tucker.com,19510616,16254071
Heather,Herman,Yes,Herman_0ab62,Heather_Herman@williams-lindsey.com,19710606,97877423
Laura,Lopez,Yes,Lopez_ea347,Laura_Lopez@rodriguez.com,19901221,72627367
Reginald,Barnes,Yes,Barnes_f462c,Reginald_Barnes@walker-robinson.com,19730214,19884399
Robert,Weaver,Yes,Weaver_201e1,Robert_Weaver@young-leonard.com,19820218,39131199
Beth,Martinez,Yes,Martinez_204f4,Beth_Martinez@johnson.com,19681225,87909191
Spencer,Ware,Yes,Ware_0b5e6,Spencer_Ware@montgomery-lane.com,19801009,74599951
Willie,Erickson,Yes,Erickson_3df9d,Willie_Erickson@bartlett.com,19910110,53673855
Daniel,Nguyen,Yes,Nguyen_6a5e7,Daniel_Nguyen@mccall.com,19590903,37673823
Leonard,Martinez,Yes,Martinez_7564a,Leonard_Martinez@mcbride.com,19560922,14452319
Robert,Stephens,Yes,Stephens_5a6e3,Robert_Stephens@lopez.com,20000619,92784815
Daniel,Chen,Yes,Chen_7d3b1,Daniel_Chen@little.com,19520716,46750383
Samuel,Dalton,Yes,Dalton_32ce4,Samuel_Dalton@marquez.com,19960916,75194711
Heather,Bennett,Yes,Bennett_dcbc8,Heather_Bennett@hamilton-blair.com,20020105,64795847
Joshua,King,Yes,King_89592,Joshua_King@hale.net,20000106,99342223
Crystal,Blake,Yes,Blake_e7660,Crystal_Blake@parker.com,19701117,97878511
Amanda,Evans,Yes,Evans_62a52,Amanda_Evans@cox.com,19590224,92559519
Sergio,Day,Yes,Day_69b70,Sergio_Day@guzman-garrett.com,19510531,27091295
Julie,Boyd,Yes,Boyd_9e514,Julie_Boyd@white-george.com,19690906,47949079
Logan,Watkins,Yes,Watkins_c9964,Logan_Watkins@hernandez.com,20000511,87081215
Steven,Ortiz,Yes,Ortiz_c84c2,Steven_Ortiz@hamilton.com,19670605,15073183
Lisa,Marquez,Yes,Marquez_7aa36,Lisa_Marquez@day-smith.com,19710326,18443671
Jennifer,Martin,Yes,Martin_82381,Jennifer_Martin@moore.com,19830527,83212175
Arthur,Chandler,Yes,Chandler_4ab75,Arthur_Chandler@martin.com,19610210,18438007
Ronald,Hudson,Yes,Hudson_01af1,Ronald_Hudson@carson.com,19511003,66192423
Jennifer,Lee,Yes,Lee_d7999,Jennifer_Lee@guerra-lopez.com,19500104,35305031
Gregory,Yoder,Yes,Yoder_70108,Gregory_Yoder@robinson-johnson.com,19530620,75705319
Carolyn,Harmon,Yes,Harmon_69598,Carolyn_Harmon@watts-horn.com,19980124,55977599
Christopher,Harrell,Yes,Harrell_7257b,Christopher_Harrell@lindsey.com,19700630,52999479
Kevin,Johnson,Yes,Johnson_a67f3,Kevin_Johnson@rogers.com,19930802,15154639
Michael,Harrison,Yes,Harrison_087c8,Michael_Harrison@franklin.com,19510819,29087871
Terry,Moore,Yes,Moore_c62aa,Terry_Moore@barker-ayers.com,19870615,19828167
James,Rogers,Yes,Rogers_656af,James_Rogers@green.net,19930704,65821255
Kathleen,Tran,Yes,Tran_b0eca,Kathleen_Tran@wilson.net,19740211,20044927
Jacqueline,Conway,Yes,Conway_ae427,Jacqueline_Conway@robinson-carson.com,19710617,91842383
Maxwell,Cole,Yes,Cole_92aa4,Maxwell_Cole@larson.com,19510203,41796463
Bethany,Williamson,Yes,Williamson_2b72a,Bethany_Williamson@flores.com,19540310,40227935
Joseph,Wright,Yes,Wright_f1b73,Joseph_Wright@powell.net,19570521,40768583
Heidi,Bolton,Yes,Bolton_06e0a,Heidi_Bolton@spencer.com,19560616,58079023
Daniel,Lewis,Yes,Lewis_e0082,Daniel_Lewis@robertson.com,19770205,48084439
Dale,Ramirez,Yes,Ramirez_63293,Dale_Ramirez@patton.com,19550323,59875791
Carol,Sharp,Yes,Sharp_7f0b3,Carol_Sharp@garcia-lamb.com,19750312,18014567
Joseph,Buck,Yes,Buck_542b9,Joseph_Buck@jacobs.com,19520311,34270063
Lynn,Anderson,Yes,Anderson_542fb,Lynn_Anderson@williams-carter.com,19960113,75488911
Sarah,Harris,Yes,Harris_526ca,Sarah_Harris@thomas-sanchez.com,20010530,52442775
Victor,Owens,Yes,Owens_620f1,Victor_Owens@collins.com,19960815,53064383
Kimberly,Koch,Yes,Koch_43971,Kimberly_Koch@rodriguez.net,19870125,35893839
Allison,Obrien,Yes,Obrien_00e34,Allison_Obrien@bailey-sanders.com,19620423,81154631
John,Rogers,Yes,Rogers_160f6,John_Rogers@oneill.com,19710905,21046575
Janet,Collins,Yes,Collins_120bd,Janet_Collins@farrell.com,19840721,89424095
Kristin,Lawson,Yes,Lawson_cbf97,Kristin_Lawson@salinas.com,19760111,36661711
James,Castaneda,Yes,Castaneda_7660a,James_Castaneda@miller-hart.com,19640126,64715807
Robert,Ortiz,Yes,Ortiz_66abd,Robert_Ortiz@saunders-hunter.com,19761108,80296223
Connie,Harper,Yes,Harper_709ac,Connie_Harper@lewis.com,19950627,21369119
Debbie,Burns,Yes,Burns_f2b3a,Debbie_Burns@salinas.com,19830806,95570935
Gabriel,Preston,Yes,Preston_b6298,Gabriel_Preston@black.com,19961120,88336263
Brandon,Orozco,Yes,Orozco_02d2b,Brandon_Orozco@greene.com,19870717,59988495
Kari,Nguyen,Yes,Nguyen_6f546,Kari_Nguyen@farley.com,19991119,47980591
Brittany,Hill,Yes,Hill_2c87a,Brittany_Hill@rogers-hoffman.com,19870605,90817791
Carrie,Martinez,Yes,Martinez_a7c33,Carrie_Martinez@hendrix.com,19740124,96107743
Linda,White,Yes,White_e9960,Linda_White@moore.com,19751015,84876711
Jake,Spencer,Yes,Spencer_c21d7,Jake_Spencer@murphy.com,20020509,53533879
Joseph,Chan,Yes,Chan_f9d1e,Joseph_Chan@hutchinson-gutierrez.com,19660922,19544079
Kathleen,Ali,Yes,Ali_a2746,Kathleen_Ali@horn-rogers.com,19960602,45338687
Danielle,Stephens,Yes,Stephens_baaae,Danielle_Stephens@miller.net,19610929,16838823
Brianna,Schaefer,Yes,Schaefer_ac7f3,Brianna_Schaefer@nelson-mcmahon.com,19761203,34700887
Angela,Morris,Yes,Morris_9ba0c,Angela_Morris@murray.com,19760702,89409391
Jessica,Smith,Yes,Smith_69b70,Jessica_Smith@walsh-steele.com,19510531,97984639
Brenda,Long,Yes,Long_f0fca,Brenda_Long@carter.net,19510914,45992583
Megan,Taylor,Yes,Taylor_757b6,Megan_Taylor@montgomery.com,19930510,12610975
Kelly,Morales,Yes,Morales_3cabc,Kelly_Morales@sanchez.com,19800227,44799815
Sheri,Johnson,Yes,Johnson_5c594,Sheri_Johnson@lucas.com,19880422,34118127
Lori,Pacheco,Yes,Pacheco_7ccf5,Lori_Pacheco@ayala.com,19620630,94662495
Sandra,Schmidt,Yes,Schmidt_be25c,Sandra_Schmidt@herrera.com,19590711,50638143
Rachel,Hill,Yes,Hill_2b641,Rachel_Hill@gutierrez.com,19541202,55824367
Emily,Case,Yes,Case_1fe51,Emily_Case@lewis.com,19850508,90216215
Seth,Alvarez,Yes,Alvarez_af321,Seth_Alvarez@conrad.com,19800108,90929927
Jose,Reyes,Yes,Reyes_0a636,Jose_Reyes@garcia.com,19700929,94563263
Zachary,Le,Yes,Le_44e84,Zachary_Le@whitaker.com,19851028,56441999
Rhonda,Anthony,Yes,Anthony_91ec3,Rhonda_Anthony@lawson.com,19740915,12850551
Joseph,Hill,Yes,Hill_0d4d9,Joseph_Hill@rodriguez-newton.com,20020923,89902687
Erin,Davis,Yes,Davis_dbcb2,Erin_Davis@sanchez.net,19600917,22992863
Lucas,Brown,Yes,Brown_1ebf8,Lucas_Brown@miller.com,19891101,34675679
William,Garcia,Yes,Garcia_72e9b,William_Garcia@powell.com,19850912,25729991
Lauren,Swanson,Yes,Swanson_b3ea5,Lauren_Swanson@pena-pierce.com,19610921,85204407
John,Frank,Yes,Frank_4dfb9,John_Frank@martin.com,19500519,42691023
Nicole,Schmidt,Yes,Schmidt_54bf2,Nicole_Schmidt@stephens.com,19651109,86157423
Nathan,Gray,Yes,Gray_15cd6,Nathan_Gray@scott-gonzalez.com,19960618,48983767
Nichole,Delgado,Yes,Delgado_f68ba,Nichole_Delgado@dixon-cruz.com,19720305,60338223
Marcus,Rodriguez,Yes,Rodriguez_3a35b,Marcus_Rodriguez@jones.com,19690511,23424599
Samuel,Solomon,Yes,Solomon_23bae,Samuel_Solomon@wolf.net,19871230,26166751
Katrina,Miller,Yes,Miller_5c2c0,Katrina_Miller@grimes.com,19540308,81240247
Raymond,Conner,Yes,Conner_71970,Raymond_Conner@oneal-johnson.com,19970128,95736583
Lori,Fuller,Yes,Fuller_9068b,Lori_Fuller@gordon.com,19680101,54288255
Corey,Wilson,Yes,Wilson_da57e,Corey_Wilson@hoover-hernandez.com,19531011,39467535
Holly,James,Yes,James_e7a3a,Holly_James@macdonald.com,19641104,62732175
Alicia,Mccarty,Yes,Mccarty_a4b9d,Alicia_Mccarty@beasley.com,19820916,57669519
Zoe,Christian,Yes,Christian_90eb3,Zoe_Christian@grant.com,19990319,22170983
Nicholas,Watson,Yes,Watson_61db6,Nicholas_Watson@williams.com,19620403,72181751
Victoria,Wood,Yes,Wood_67f27,Victoria_Wood@proctor-baker.com,19910622,13955959
Jillian,Knight,Yes,Knight_10192,Jillian_Knight@davenport.com,19881108,20417711
Ryan,Fisher,Yes,Fisher_27703,Ryan_Fisher@fletcher.com,19871030,63505855
Stephanie,Howe,Yes,Howe_a7c94,Stephanie_Howe@allen.com,19630905,37283343
Kenneth,Kim,Yes,Kim_c0e4a,Kenneth_Kim@duran.com,19990505,37818767
Andrew,Macias,Yes,Macias_a4116,Andrew_Macias@douglas.com,19661013,28232535
Elizabeth,Huffman,Yes,Huffman_fb25a,Elizabeth_Huffman@zamora.com,19580918,15486151
Christina,Stone,Yes,Stone_9ab9f,Christina_Stone@medina.com,19930320,34449775
Alexander,Merritt,Yes,Merritt_696fd,Alexander_Merritt@butler.net,19800913,33574735
Kelly,Sanders,Yes,Sanders_e9c2f,Kelly_Sanders@coleman.com,19520413,29703695
Matthew,Jones,Yes,Jones_fae51,Matthew_Jones@arnold.com,20000615,98616991
Sarah,David,Yes,David_39e9f,Sarah_David@collier.net,19981216,97218247
Carmen,Barajas,Yes,Barajas_62836,Carmen_Barajas@smith.com,19810526,34685455
Angela,Johnson,Yes,Johnson_5dcba,Angela_Johnson@stewart.com,19840827,62439103
Melissa,Sparks,Yes,Sparks_a67f3,Melissa_Sparks@sanchez-stevenson.com,19930802,27530863
Katherine,Hill,Yes,Hill_e971e,Katherine_Hill@tran.com,19830918,37709951
Kristin,Hart,Yes,Hart_3b264,Kristin_Hart@ortega.com,19661217,36255543
Jacqueline,Ho,Yes,Ho_73551,Jacqueline_Ho@henry.com,19610131,75359367
Michael,Knight,Yes,Knight_e66ab,Michael_Knight@davidson.com,19870408,71412263
Heather,Arroyo,Yes,Arroyo_44022,Heather_Arroyo@martinez.com,19790709,36165719
Lori,Larson,Yes,Larson_06714,Lori_Larson@flowers.com,19630807,38397103
David,Vazquez,Yes,Vazquez_13d09,David_Vazquez@davila-beck.com,19900612,57160871
Sherry,Hicks,Yes,Hicks_5e5f2,Sherry_Hicks@stout-nicholson.com,19611127,12514111
Sarah,Davila,Yes,Davila_1977b,Sarah_Davila@nash.com,19790906,46685303
Karen,Oneill,Yes,Oneill_7278c,Karen_Oneill@gomez.com,19921004,72265879
Nicholas,Mills,Yes,Mills_f511a,Nicholas_Mills@williams.com,19631001,68844231
Jennifer,Montgomery,Yes,Montgomery_1a334,Jennifer_Montgomery@estrada-cole.com,19710715,53834071
Cynthia,Bailey,Yes,Bailey_13beb,Cynthia_Bailey@oneill.com,19790825,48942719
John,Wright,Yes,Wright_fefcf,John_Wright@harris.com,19831019,96650335
Sheila,Brown,Yes,Brown_565a7,Sheila_Brown@stevens-edwards.com,19821128,32490999
Lisa,Moore,Yes,Moore_a6529,Lisa_Moore@ramos.com,19941119,99493567
Julian,Newman,Yes,Newman_15a27,Julian_Newman@haynes.com,19580313,49873159
Thomas,Ferguson,Yes,Ferguson_fb458,Thomas_Ferguson@guzman.com,19591213,28787319
Lauren,Rodriguez,Yes,Rodriguez_a9b99,Lauren_Rodriguez@soto.com,19931016,27106623
Richard,Anderson,Yes,Anderson_7118f,Richard_Anderson@white.com,19580607,66751511
Jessica,Lee,Yes,Lee_7f12f,Jessica_Lee@brown-baxter.com,19670124,89410823
Martin,Allen,Yes,Allen_7a4f2,Martin_Allen@steele.com,20020924,99969439
Angela,Mitchell,Yes,Mitchell_06d3f,Angela_Mitchell@moreno-evans.com,19690105,50190223
Derrick,Sanchez,Yes,Sanchez_9f266,Derrick_Sanchez@mitchell.com,19700424,97980535
Christine,Ellis,Yes,Ellis_b9ff0,Christine_Ellis@blackwell.com,19980617,69393823
Alyssa,Salinas,Yes,Salinas_8ad1c,Alyssa_Salinas@robbins.com,19980710,41363847
Kevin,Walsh,Yes,Walsh_8cd29,Kevin_Walsh@hamilton.net,19920805,63251375
Kenneth,Knox,Yes,Knox_d64ed,Kenneth_Knox@zamora.com,19990626,47904991
Steve,Mitchell,Yes,Mitchell_1bdd4,Steve_Mitchell@adkins-russell.com,19751027,98789479
Craig,Hendricks,Yes,Hendricks_a352c,Craig_Hendricks@garcia-higgins.com,19951018,51721063
Ricky,Kerr,Yes,Kerr_a02d8,Ricky_Kerr@gonzalez-martinez.com,19510625,43238807
Gloria,Aguilar,Yes,Aguilar_d3661,Gloria_Aguilar@dorsey-donaldson.com,19690606,69773231
Alexander,Knight,Yes,Knight_7e064,Alexander_Knight@doyle.com,19740812,41639975
Joseph,Cross,Yes,Cross_36c08,Joseph_Cross@mason-shaw.net,19530126,35750023
Joel,Myers,Yes,Myers_1466d,Joel_Myers@smith-willis.net,19720920,49665991
Michael,Mckee,Yes,Mckee_92c0e,Michael_Mckee@gordon.com,20000917,87409327
Roy,Park,Yes,Park_a639e,Roy_Park@rodriguez-west.com,19551029,69451423
Jonathan,Castro,Yes,Castro_49d90,Jonathan_Castro@sandoval.com,19700409,95059239
Richard,Carroll,Yes,Carroll_78391,Richard_Carroll@massey-gardner.com,19610526,61422551
Michelle,Fletcher,Yes,Fletcher_e6fff,Michelle_Fletcher@anderson.com,19831024,15665159
Carol,Murphy,Yes,Murphy_ecd95,Carol_Murphy@lowe.com,19640317,54241135
Michael,Russell,Yes,Russell_203e4,Michael_Russell@orozco.com,19680308,24280095
Shawna,Andrews,Yes,Andrews_776f9,Shawna_Andrews@freeman.com,19981115,12022295
Dana,Hernandez,Yes,Hernandez_3d7b1,Dana_Hernandez@jackson.com,19940126,50236391
Lauren,Harris,Yes,Harris_e20bd,Lauren_Harris@long.com,19780811,42605007
John,Mendoza,Yes,Mendoza_fa60d,John_Mendoza@mahoney.com,19850519,85845135
Wendy,Smith,Yes,Smith_85c0b,Wendy_Smith@smith-webb.com,19700128,60349279
Leslie,Diaz,Yes,Diaz_0bd1d,Leslie_Diaz@thomas-shelton.com,19570430,57506727
Grant,Snyder,Yes,Snyder_d3f05,Grant_Snyder@gonzales.com,19731031,23872143
Brandi,Jenkins,Yes,Jenkins_27fe6,Brandi_Jenkins@miller.com,19651228,79308567
Amy,Haynes,Yes,Haynes_18bc2,Amy_Haynes@levy.com,19600314,41563455
John,Roberts,Yes,Roberts_d606a,John_Roberts@hendricks.com,19540315,16513279
Carrie,Nelson,Yes,Nelson_fde1d,Carrie_Nelson@archer-murphy.com,19510609,49242255
Jacob,Hood,Yes,Hood_bb6b9,Jacob_Hood@evans.com,19560208,24204143
Tracy,Charles,Yes,Charles_02485,Tracy_Charles@rowe.com,19931108,62200511
Brandon,Johnson,Yes,Johnson_8eba4,Brandon_Johnson@ramirez.com,19851003,60862935
Wendy,Nelson,Yes,Nelson_f7fc3,Wendy_Nelson@day.com,19650108,59119063
Jasmine,Ramsey,Yes,Ramsey_843ef,Jasmine_Ramsey@jackson.com,19500407,16447279
William,Beltran,Yes,Beltran_b42ac,William_Beltran@bean.com,19850313,16495975
Gerald,Stuart,Yes,Stuart_42d02,Gerald_Stuart@strong.net,19950810,98421991
Jacob,Vaughan,Yes,Vaughan_40056,Jacob_Vaughan@martinez.com,19830908,69615007
Matthew,Fuentes,Yes,Fuentes_0598c,Matthew_Fuentes@miranda.com,19660329,33411447
April,Carpenter,Yes,Carpenter_4acee,April_Carpenter@page.com,19710929,97274415
Rachel,Garcia,Yes,Garcia_d383b,Rachel_Garcia@neal.com,19961021,87786127
Patrick,Madden,Yes,Madden_d8100,Patrick_Madden@sanders.com,19941101,35389647
Angela,Myers,Yes,Myers_96365,Angela_Myers@rodriguez.com,19740126,59457063
Wayne,Baker,Yes,Baker_726e6,Wayne_Baker@brown.com,19671227,92067207
Haley,Cox,Yes,Cox_c2d50,Haley_Cox@lewis.com,19641001,27911351
Dan,Sanders,Yes,Sanders_65a5d,Dan_Sanders@klein-hernandez.com,19500813,30043759
Thomas,Fisher,Yes,Fisher_cd40a,Thomas_Fisher@phillips.com,19850415,99090999
Taylor,Lopez,Yes,Lopez_d2a7d,Taylor_Lopez@jones-salazar.com,19570522,17889439
Jeffrey,Macias,Yes,Macias_76606,Jeffrey_Macias@cox.com,19900310,98485783
Brian,Drake,Yes,Drake_1697c,Brian_Drake@hurst-price.net,19621102,83466007
Timothy,Jordan,Yes,Jordan_26d57,Timothy_Jordan@young.com,19991228,77411263
Kathy,Leblanc,Yes,Leblanc_25e89,Kathy_Leblanc@warren-gray.com,19810227,69067343
William,Floyd,Yes,Floyd_ee7c0,William_Floyd@duran.com,19720713,27758191
Angela,Hayden,Yes,Hayden_44dbe,Angela_Hayden@barry.net,19960623,28574351
Renee,Hodges,Yes,Hodges_c3205,Renee_Hodges@hamilton.com,19871228,63899519
Samantha,Miller,Yes,Miller_b1a7b,Samantha_Miller@mcmahon.com,19650406,41451647
Lauren,Orozco,Yes,Orozco_32e5d,Lauren_Orozco@sanchez.com,20000126,71540231
April,Owen,Yes,Owen_1c1c8,April_Owen@sanchez.com,19670923,16552967
Evan,Russell,Yes,Russell_eeae9,Evan_Russell@ferguson.net,19590120,75209343
Brent,Castaneda,Yes,Castaneda_1e9a5,Brent_Castaneda@garcia.com,19580307,80875871
Gregory,Peters,Yes,Peters_62c2d,Gregory_Peters@ray.net,19900902,78256247
Matthew,Salazar,Yes,Salazar_8a391,Matthew_Salazar@jones-jones.com,19991211,50895327
Natasha,Martinez,Yes,Martinez_fa7cb,Natasha_Martinez@west.com,19680418,55194439
Charles,Powell,Yes,Powell_89e26,Charles_Powell@knight.com,19970906,47215879
Brian,Powell,Yes,Powell_c3379,Brian_Powell@hernandez.com,19591115,67153775
Laura,Sandoval,Yes,Sandoval_6592d,Laura_Sandoval@brown.com,19860913,17475623
Charles,Gonzalez,Yes,Gonzalez_bc4a4,Charles_Gonzalez@navarro.com,19710404,94465511
Nicholas,Caldwell,Yes,Caldwell_92d76,Nicholas_Caldwell@hurley-bass.com,19770714,42525999
Brian,Wyatt,Yes,Wyatt_ac546,Brian_Wyatt@wright-young.com,19581211,63631399
Ryan,Garcia,Yes,Garcia_a540e,Ryan_Garcia@vazquez-wells.com,19930815,26856535
Megan,Anderson,Yes,Anderson_a86c0,Megan_Anderson@wilson-murillo.com,19700729,21736903
Pamela,Hughes,Yes,Hughes_5403f,Pamela_Hughes@charles-costa.com,19870613,40181295
Tiffany,Scott,Yes,Scott_af31d,Tiffany_Scott@davis.com,19861110,76272207
Stanley,Conway,Yes,Conway_b17c3,Stanley_Conway@adams.com,19850905,71853567
Yolanda,Petty,Yes,Petty_89b4f,Yolanda_Petty@dunlap-brown.com,19910125,69674519
Tara,Jones,Yes,Jones_7290c,Tara_Jones@blankenship.net,19850303,49275455
George,Williams,Yes,Williams_c20d3,George_Williams@patton.com,19810319,69991287
Lori,Allen,Yes,Allen_8c000,Lori_Allen@valdez-phillips.com,20020916,28175727
Charles,Kelly,Yes,Kelly_0c61d,Charles_Kelly@dalton.com,19690401,62777351
Jonathan,Villa,Yes,Villa_19bdd,Jonathan_Villa@suarez.com,19751203,80471287
Cindy,Jackson,Yes,Jackson_40b1b,Cindy_Jackson@garcia-burch.com,19670727,60954247
Scott,Williams,Yes,Williams_10ae3,Scott_Williams@keller-wong.com,19800308,85799255
Dylan,Hernandez,Yes,Hernandez_04544,Dylan_Hernandez@singleton-johnson.com,19950301,31405951
Michelle,Garcia,Yes,Garcia_6967c,Michelle_Garcia@lynch.com,19801017,52895823
Matthew,Bailey,Yes,Bailey_255ab,Matthew_Bailey@benjamin.com,19870728,39436023
Curtis,Flynn,Yes,Flynn_066c3,Curtis_Flynn@cook-drake.com,19780926,58787463
Thomas,Perez,Yes,Perez_7a5c3,Thomas_Perez@greene-lopez.com,19630220,96377439
Sheri,Kline,Yes,Kline_e724e,Sheri_Kline@hinton.com,19940609,33546343
Jeff,Baker,Yes,Baker_4cd37,Jeff_Baker@bentley.com,19670424,57871767
Shannon,Thomas,Yes,Thomas_2a3b9,Shannon_Thomas@dawson-alexander.com,19680903,18892279
Jeffrey,Murray,Yes,Murray_8d3f7,Jeffrey_Murray@jones.net,19821221,27473887
Kristin,Wagner,Yes,Wagner_83f4e,Kristin_Wagner@clayton.com,19970129,66045343
Nicole,Shea,Yes,Shea_abeb3,Nicole_Shea@mcclure.com,19560102,28795599
